{
  "דיזינגוף 50 תל אביב": [32.08082, 34.77478],
  "דיזינגוף 130 תל אביב": [32.08420, 34.77480],
  "אבן גבירול 88 תל אביב": [32.08080, 34.78010],
  "אלנבי 78 תל אביב": [32.06420, 34.76920],
  "פרישמן 54 תל אביב": [32.08670, 34.77490]
}
